<?xml version='1.0' encoding='utf-8' standalone='yes' ?>
<map>
    <string name="app_settings_json">{&quot;status&quot;:1,&quot;app_id&quot;:&quot;ca-app-pub-4848549670183005~6441070777&quot;,&quot;auto_collect_location&quot;:false,&quot;cache_ttl_sec&quot;:259200,&quot;common_settings&quot;:{&quot;loeid&quot;:[44766145,&quot;318502621&quot;],&quot;app_id&quot;:&quot;ca-app-pub-4848549670183005~6441070777&quot;,&quot;eoid_opt_in&quot;:true},&quot;initializer_settings&quot;:{&quot;config&quot;:{}}}</string>
    <long name="app_settings_last_update_ms" value="1757862968849" />
    <int name="version_code" value="20392" />
    <int name="request_in_session_count" value="0" />
    <boolean name="gad_idless" value="false" />
    <long name="first_ad_req_time_ms" value="1757862972222" />
    <long name="app_last_background_time_ms" value="1757863005093" />
</map>
