<?xml version='1.0' encoding='utf-8' standalone='yes' ?>
<map>
    <long name="prev_session_dur" value="37" />
    <string name="afUninstallToken">eJy_dkhoTlyrrwQ8RLVRIg:APA91bFaXhf63OhBgRYXGid_NYjAzHRuKR7g_M1XH3wvDMyrLnX3SdkeRyIek69kh29K8dVA6jdNEJt_lPkIJxX5a3ljbpQqahGy6yw1Lf8i4b44DXcMUKU</string>
    <boolean name="ddl_sent" value="true" />
    <long name="af_rc_max_age" value="86400" />
    <string name="sentSuccessfully">true</string>
    <string name="ddl">{&quot;from_fg&quot;:22,&quot;net&quot;:[458],&quot;rfr_wait&quot;:0,&quot;status&quot;:&quot;NOT_FOUND&quot;,&quot;timeout_value&quot;:3000}</string>
    <int name="versionCode" value="20392" />
    <string name="af_remote_config">eyJmZWF0dXJlcyI6e30sInZlciI6ImRlZmF1bHQudjEuMTYzNzE0OTUyOSJ9</string>
    <boolean name="sentRegisterRequestToAF" value="true" />
    <long name="init_ts" value="1757392731954" />
    <long name="fg_ts" value="1757392736009" />
    <string name="savedProperties">{&quot;uid&quot;:&quot;1757392734733-3761974078307272923&quot;,&quot;shouldLog&quot;:&quot;false&quot;,&quot;waitForCustomerId&quot;:&quot;false&quot;,&quot;logLevel&quot;:&quot;0&quot;,&quot;AppUserId&quot;:&quot;__d7523f034a014bc2a58fe62c1275557e&quot;,&quot;advertiserId&quot;:&quot;aad55cd2-c024-4949-8a73-403637f82fb4&quot;,&quot;advertiserIdEnabled&quot;:&quot;true&quot;}</string>
    <string name="AF_INSTALLATION">1757392734733-3761974078307272923</string>
    <boolean name="afUninstallToken_queued" value="false" />
    <int name="appsFlyerCount" value="6" />
    <long name="AppsFlyerTimePassedSincePrevLaunch" value="1757456644452" />
    <boolean name="newGPReferrerSent" value="true" />
    <long name="af_rc_timestamp" value="1757456607708" />
    <string name="first_launch">{}</string>
    <string name="appsFlyerFirstInstall">2025-09-09_043856+0000</string>
    <long name="afUninstallToken_received_time" value="1757456611860" />
    <string name="attributionId">{&quot;af_status&quot;:&quot;Organic&quot;,&quot;af_message&quot;:&quot;organic install&quot;,&quot;is_first_launch&quot;:false}</string>
</map>
