<?xml version='1.0' encoding='utf-8' standalone='yes' ?>
<map>
    <string name="prev_event_name">page_landing</string>
    <long name="prev_event_timestamp" value="1758383892792" />
    <int name="appsFlyerInAppEventCount" value="3" />
    <string name="afUninstallToken">dyHfanaZTVeiocAHzat5Q_:APA91bEADmVXwTyqYaMq6E1e4auTwdeWWRafuxoEvqtK668ZyzOfuu40dymGct2VVnZAVtvP6wfwAIYbEzItFGHCzLBbANMUPajg5KE4BkAIxwRHFGvhA68</string>
    <long name="prev_session_dur" value="17" />
    <long name="af_rc_max_age" value="86400" />
    <boolean name="ddl_sent" value="true" />
    <string name="sentSuccessfully">true</string>
    <string name="af_remote_config">eyJmZWF0dXJlcyI6e30sInZlciI6ImRlZmF1bHQudjEuMTYzNzE0OTUyOSJ9</string>
    <int name="versionCode" value="20392" />
    <boolean name="sentRegisterRequestToAF" value="true" />
    <string name="savedProperties">{&quot;uid&quot;:&quot;1758383596450-8526423780249771369&quot;,&quot;waitForCustomerId&quot;:&quot;false&quot;,&quot;logLevel&quot;:&quot;0&quot;,&quot;AppUserId&quot;:&quot;__3b40702c1baa442bbba8778138c403ba&quot;,&quot;advertiserId&quot;:&quot;aad55cd2-c024-4949-8a73-403637f82fb4&quot;,&quot;advertiserIdEnabled&quot;:&quot;true&quot;}</string>
    <string name="AF_INSTALLATION">1758383596450-8526423780249771369</string>
    <boolean name="afUninstallToken_queued" value="false" />
    <int name="appsFlyerCount" value="4" />
    <long name="af_rc_timestamp" value="1758383593605" />
    <long name="AppsFlyerTimePassedSincePrevLaunch" value="1758383882221" />
    <boolean name="newGPReferrerSent" value="true" />
    <string name="appsFlyerFirstInstall">2025-09-20_155316+0000</string>
    <long name="afUninstallToken_received_time" value="1758383596646" />
    <string name="attributionId">{&quot;install_time&quot;:&quot;2025-09-20 15:53:19.209&quot;,&quot;agency&quot;:null,&quot;media_source&quot;:&quot;restricted&quot;,&quot;retargeting_conversion_type&quot;:&quot;none&quot;,&quot;af_siteid&quot;:null,&quot;af_status&quot;:&quot;Non-organic&quot;,&quot;is_first_launch&quot;:false,&quot;af_sub1&quot;:null,&quot;af_sub5&quot;:null,&quot;click_time&quot;:null,&quot;af_sub4&quot;:null,&quot;af_sub3&quot;:null,&quot;af_sub2&quot;:null,&quot;http_referrer&quot;:null,&quot;campaign&quot;:null,&quot;af_channel&quot;:null,&quot;campaign_id&quot;:null}</string>
</map>
