<?xml version='1.0' encoding='utf-8' standalone='yes' ?>
<map>
    <long name="prev_session_dur" value="25" />
    <string name="afUninstallToken">dszCey9xTdi2PlwFAQMad8:APA91bEXff3jDJCDmeFgYZvc8kHBgd2RysdQRLcaII-e727TYtTRHbRws47VaJt4lkjpG5Yd6l1G1ZRUMY8KM7oQLwasGfrx_64cbStSfWkvXVcum5ROAv4</string>
    <long name="af_rc_max_age" value="86400" />
    <boolean name="ddl_sent" value="true" />
    <string name="sentSuccessfully">true</string>
    <string name="af_remote_config">eyJmZWF0dXJlcyI6e30sInZlciI6ImRlZmF1bHQudjEuMTYzNzE0OTUyOSJ9</string>
    <int name="versionCode" value="20392" />
    <boolean name="sentRegisterRequestToAF" value="true" />
    <string name="savedProperties">{&quot;waitForCustomerId&quot;:&quot;false&quot;,&quot;logLevel&quot;:&quot;0&quot;,&quot;AppUserId&quot;:&quot;__a0025b455eb54d9781362a226917d335&quot;}</string>
    <string name="AF_INSTALLATION">1757458108722-664796469115053060</string>
    <boolean name="afUninstallToken_queued" value="false" />
    <int name="appsFlyerCount" value="2" />
    <long name="af_rc_timestamp" value="1757458107159" />
    <long name="AppsFlyerTimePassedSincePrevLaunch" value="1757458142258" />
    <boolean name="newGPReferrerSent" value="true" />
    <string name="appsFlyerFirstInstall">2025-09-09_224828+0000</string>
    <long name="afUninstallToken_received_time" value="1757458110099" />
    <string name="attributionId">{&quot;install_time&quot;:&quot;2025-09-09 22:48:33.253&quot;,&quot;af_message&quot;:&quot;organic install&quot;,&quot;af_status&quot;:&quot;Organic&quot;,&quot;is_first_launch&quot;:false}</string>
</map>
