<?xml version='1.0' encoding='utf-8' standalone='yes' ?>
<map>
    <long name="prev_session_dur" value="15" />
    <string name="afUninstallToken">dBG43IcYTUOZUY0DfRxY_V:APA91bELorjtOA6SNE81iRLt5lxwDX3KI-41wNu4UDe8jjPSo3qRMOvRq-hF0vkbuGZMHOaug5wHNmkvhcP4-jxtFxUZ-g9m2UcW5yxo-hJ8z37DX5XxHn8</string>
    <long name="af_rc_max_age" value="86400" />
    <boolean name="ddl_sent" value="true" />
    <string name="sentSuccessfully">true</string>
    <string name="af_remote_config">eyJmZWF0dXJlcyI6e30sInZlciI6ImRlZmF1bHQudjEuMTYzNzE0OTUyOSJ9</string>
    <int name="versionCode" value="20392" />
    <boolean name="sentRegisterRequestToAF" value="true" />
    <string name="savedProperties">{&quot;uid&quot;:&quot;1764394276569-567858345975259132&quot;,&quot;waitForCustomerId&quot;:&quot;false&quot;,&quot;logLevel&quot;:&quot;0&quot;,&quot;AppUserId&quot;:&quot;__65eccdb41aae4d058f62609369fdbbea&quot;,&quot;advertiserId&quot;:&quot;aad55cd2-c024-4949-8a73-403637f82fb4&quot;,&quot;advertiserIdEnabled&quot;:&quot;true&quot;}</string>
    <string name="AF_INSTALLATION">1764394276569-567858345975259132</string>
    <boolean name="afUninstallToken_queued" value="false" />
    <int name="appsFlyerCount" value="6" />
    <long name="af_rc_timestamp" value="1764394275288" />
    <long name="AppsFlyerTimePassedSincePrevLaunch" value="1764417701441" />
    <boolean name="newGPReferrerSent" value="true" />
    <string name="appsFlyerFirstInstall">2025-11-29_053116+0000</string>
    <long name="afUninstallToken_received_time" value="1764394278339" />
    <string name="attributionId">{&quot;af_status&quot;:&quot;Organic&quot;,&quot;af_message&quot;:&quot;organic install&quot;,&quot;is_first_launch&quot;:false}</string>
</map>
