<?xml version='1.0' encoding='utf-8' standalone='yes' ?>
<map>
    <long name="prev_session_dur" value="11" />
    <boolean name="ddl_sent" value="true" />
    <string name="ddl">{&quot;from_fg&quot;:22,&quot;net&quot;:[458],&quot;rfr_wait&quot;:0,&quot;status&quot;:&quot;NOT_FOUND&quot;,&quot;timeout_value&quot;:3000}</string>
    <int name="versionCode" value="20013" />
    <long name="init_ts" value="1757392731954" />
    <long name="fg_ts" value="1757392736009" />
    <string name="savedProperties">{&quot;uid&quot;:&quot;1757392734733-3761974078307272923&quot;,&quot;shouldLog&quot;:&quot;false&quot;,&quot;logLevel&quot;:&quot;0&quot;,&quot;AppsFlyerKey&quot;:&quot;3TV78onneSTLeEX8p8B4y8&quot;,&quot;advertiserId&quot;:&quot;aad55cd2-c024-4949-8a73-403637f82fb4&quot;,&quot;advertiserIdEnabled&quot;:&quot;true&quot;}</string>
    <string name="AF_INSTALLATION">1757392734733-3761974078307272923</string>
    <int name="appsFlyerCount" value="3" />
    <long name="AppsFlyerTimePassedSincePrevLaunch" value="1757392830696" />
    <boolean name="newGPReferrerSent" value="true" />
    <string name="first_launch">{}</string>
    <string name="appsFlyerFirstInstall">2025-09-09_043856+0000</string>
    <string name="attributionId">{&quot;af_status&quot;:&quot;Organic&quot;,&quot;af_message&quot;:&quot;organic install&quot;,&quot;is_first_launch&quot;:false}</string>
</map>
