<?xml version='1.0' encoding='utf-8' standalone='yes' ?>
<map>
    <long name="prev_session_dur" value="10" />
    <string name="afUninstallToken">fvrrbMxnQLeiHmtNoW363X:APA91bEziTuo-MG_hXOtWywxh5AsheCkYB6ogP2o9CAJ65G7NIuIfkIRGeX1_FK7u6helPNgeP4PlUfL9Nv9swfzi9EBuKa-cXpUgRaovk5UG9p004NOt4Q</string>
    <long name="af_rc_max_age" value="86400" />
    <boolean name="ddl_sent" value="true" />
    <string name="sentSuccessfully">true</string>
    <string name="af_remote_config">eyJmZWF0dXJlcyI6e30sInZlciI6ImRlZmF1bHQudjEuMTYzNzE0OTUyOSJ9</string>
    <int name="versionCode" value="20392" />
    <boolean name="sentRegisterRequestToAF" value="true" />
    <string name="savedProperties">{&quot;uid&quot;:&quot;1757862969242-8402891567904135367&quot;,&quot;waitForCustomerId&quot;:&quot;false&quot;,&quot;logLevel&quot;:&quot;0&quot;,&quot;AppUserId&quot;:&quot;__ee069ec5733043308e39682b6d47bf55&quot;,&quot;advertiserId&quot;:&quot;aad55cd2-c024-4949-8a73-403637f82fb4&quot;,&quot;advertiserIdEnabled&quot;:&quot;true&quot;}</string>
    <string name="AF_INSTALLATION">1757862969242-8402891567904135367</string>
    <boolean name="afUninstallToken_queued" value="false" />
    <int name="appsFlyerCount" value="2" />
    <long name="af_rc_timestamp" value="1757862966548" />
    <long name="AppsFlyerTimePassedSincePrevLaunch" value="1757862995451" />
    <boolean name="newGPReferrerSent" value="true" />
    <string name="appsFlyerFirstInstall">2025-09-14_151609+0000</string>
    <long name="afUninstallToken_received_time" value="1757862970786" />
    <string name="attributionId">{&quot;install_time&quot;:&quot;2025-09-14 15:16:15.063&quot;,&quot;af_message&quot;:&quot;organic install&quot;,&quot;af_status&quot;:&quot;Organic&quot;,&quot;is_first_launch&quot;:false}</string>
</map>
