<?xml version='1.0' encoding='utf-8' standalone='yes' ?>
<map>
    <string name="afUninstallToken">e2PH2epFRhaCQ5npAbLoy_:APA91bFzdGiJvAsZJ0_QHIHk-aXd3DJGZIwnCkmKsUa5saTQrdRPinotWUR4NFURcp-qMVo4C56tnlNx_ouy2Put-QmceU711yLRGxbHLyreLRKg4JGEREo</string>
    <long name="prev_session_dur" value="2" />
    <long name="af_rc_max_age" value="86400" />
    <boolean name="ddl_sent" value="true" />
    <string name="sentSuccessfully">true</string>
    <string name="af_remote_config">eyJmZWF0dXJlcyI6e30sInZlciI6ImRlZmF1bHQudjEuMTYzNzE0OTUyOSJ9</string>
    <int name="versionCode" value="20392" />
    <boolean name="sentRegisterRequestToAF" value="true" />
    <string name="savedProperties">{&quot;uid&quot;:&quot;1757510275943-8278077969085222315&quot;,&quot;waitForCustomerId&quot;:&quot;false&quot;,&quot;logLevel&quot;:&quot;0&quot;,&quot;AppUserId&quot;:&quot;__f5c5af902b744c9e970a8173b96f3b36&quot;,&quot;advertiserId&quot;:&quot;aad55cd2-c024-4949-8a73-403637f82fb4&quot;,&quot;advertiserIdEnabled&quot;:&quot;true&quot;}</string>
    <string name="AF_INSTALLATION">1757510275943-8278077969085222315</string>
    <boolean name="afUninstallToken_queued" value="false" />
    <int name="appsFlyerCount" value="6" />
    <long name="af_rc_timestamp" value="1757510269246" />
    <long name="AppsFlyerTimePassedSincePrevLaunch" value="1757510409607" />
    <boolean name="newGPReferrerSent" value="true" />
    <string name="appsFlyerFirstInstall">2025-09-10_131756+0000</string>
    <long name="afUninstallToken_received_time" value="1757510275928" />
    <string name="attributionId">{&quot;install_time&quot;:&quot;2025-09-10 13:17:58.890&quot;,&quot;af_message&quot;:&quot;organic install&quot;,&quot;af_status&quot;:&quot;Organic&quot;,&quot;is_first_launch&quot;:false}</string>
</map>
