<?xml version='1.0' encoding='utf-8' standalone='yes' ?>
<map>
    <boolean name="measurement_enabled_from_api" value="true" />
    <long name="first_open_time" value="1758383592720" />
    <string name="gmp_app_id">1:732565920259:android:f6e58ab0ed20c3cd</string>
    <string name="app_instance_id">64fd76b7ea1361f45ca39ac0e5cda6c9</string>
    <boolean name="app_backgrounded" value="false" />
    <long name="session_id" value="1760725702" />
    <long name="health_monitor:start" value="1760725699224" />
    <boolean name="use_service" value="true" />
    <boolean name="deferred_analytics_collection" value="true" />
    <boolean name="measurement_enabled" value="true" />
    <string name="previous_os_version">15</string>
    <boolean name="has_been_opened" value="true" />
    <boolean name="allow_remote_dynamite" value="true" />
    <long name="last_pause_time" value="1760726150530" />
    <boolean name="start_new_session" value="false" />
</map>
