<?xml version='1.0' encoding='utf-8' standalone='yes' ?>
<map>
    <boolean name="measurement_enabled_from_api" value="true" />
    <long name="first_open_time" value="1757510268128" />
    <string name="gmp_app_id">1:732565920259:android:f6e58ab0ed20c3cd</string>
    <string name="app_instance_id">966bc3712d7fb08de0c5f194ea875ece</string>
    <boolean name="app_backgrounded" value="false" />
    <long name="session_id" value="1757510271" />
    <long name="health_monitor:start" value="1757510271765" />
    <boolean name="use_service" value="true" />
    <boolean name="deferred_analytics_collection" value="true" />
    <boolean name="measurement_enabled" value="true" />
    <string name="previous_os_version">15</string>
    <boolean name="has_been_opened" value="true" />
    <boolean name="allow_remote_dynamite" value="true" />
    <long name="last_pause_time" value="1757510411777" />
    <boolean name="start_new_session" value="false" />
</map>
