<?xml version='1.0' encoding='utf-8' standalone='yes' ?>
<map>
    <int name="num_failed_realtime_streams" value="3" />
    <long name="fetch_timeout_in_seconds" value="60" />
    <long name="realtime_backoff_end_time_in_millis" value="1761378926407" />
    <long name="last_template_version" value="556" />
    <int name="last_fetch_status" value="-1" />
    <long name="minimum_fetch_interval_in_seconds" value="43200" />
    <string name="last_fetch_etag">etag-732565920259-firebase-fetch--575445747</string>
    <long name="backoff_end_time_in_millis" value="-1" />
    <long name="last_fetch_time_in_millis" value="1761378323772" />
    <int name="num_failed_fetches" value="0" />
</map>
