<?xml version='1.0' encoding='utf-8' standalone='yes' ?>
<map>
    <string name="CacheMigrationVersionCode">20392</string>
    <long name="PLAYER_CONNECTION_KEEP_ALIVE_IN_MINS" value="5" />
    <string name="USER_STATE">SR</string>
    <string name="config_app_launch_timeout">{&quot;firebase_timeout_in_sec&quot;:3,&quot;splash_timeout_in_sec&quot;:7}</string>
    <long name="NETWORK_CACHE_SIZE" value="150" />
    <boolean name="is_first_launch" value="true" />
    <boolean name="config_akamai_botman_enabled" value="true" />
    <boolean name="IS_GDPR" value="false" />
    <boolean name="IS_DETAILS_PAGE_REVAMP" value="true" />
    <long name="CONNECTION_KEEP_ALIVE_IN_MINS" value="5" />
    <boolean name="DISABLE_ALL_ADS" value="false" />
    <string name="SESSION_ID">ff4f87efe9de1f15_1758383879148</string>
    <string name="DEVICE_ID">ff4f87efe9de1f15</string>
    <boolean name="IS_SHOULD_SKIP_EVENT_QUEUING" value="false" />
    <string name="avif_operation_mode">DISABLED</string>
</map>
