<?xml version='1.0' encoding='utf-8' standalone='yes' ?>
<map>
    <string name="CacheMigrationVersionCode">20392</string>
    <long name="PLAYER_CONNECTION_KEEP_ALIVE_IN_MINS" value="5" />
    <string name="USER_STATE">R</string>
    <long name="NETWORK_CACHE_SIZE" value="150" />
    <long name="NETWORK_TIME_OUT" value="10" />
    <string name="config_app_launch_timeout">{&quot;firebase_timeout_in_sec&quot;:3,&quot;splash_timeout_in_sec&quot;:7}</string>
    <boolean name="is_first_launch" value="true" />
    <boolean name="config_akamai_botman_enabled" value="true" />
    <boolean name="IS_GDPR" value="false" />
    <string name="ads">{&quot;spotlight&quot;:{&quot;autoplay_time_secs&quot;:0,&quot;autoplay_trailer_enabled&quot;:false,&quot;autoplay_trailer_time_secs&quot;:0,&quot;autoscroll_time_secs&quot;:0,&quot;prefetch_ad_tag&quot;:[{&quot;ad_size&quot;:&quot;[\u0027fluid\u0027]&quot;,&quot;ad_type&quot;:&quot;display_ad&quot;,&quot;ad_unit&quot;:&quot;/423477888/SonyLiv/Native_Multiformat_App_Spotlight_Android_2.0&quot;,&quot;auto_hide&quot;:2000,&quot;page_id&quot;:&quot;34357&quot;,&quot;spot_loc&quot;:1,&quot;template_id&quot;:11947568,&quot;timeout&quot;:5000}],&quot;prefetch_enable&quot;:true,&quot;ripple_effect_count&quot;:0,&quot;watchlist_animation&quot;:false,&quot;watchlist_animation_delay_secs&quot;:0}}</string>
    <boolean name="IS_DETAILS_PAGE_REVAMP" value="true" />
    <long name="CONNECTION_KEEP_ALIVE_IN_MINS" value="5" />
    <boolean name="DISABLE_ALL_ADS" value="false" />
    <string name="SESSION_ID">ff4f87efe9de1f15_1757456607228</string>
    <string name="DEVICE_ID">ff4f87efe9de1f15</string>
    <boolean name="IS_SHOULD_SKIP_EVENT_QUEUING" value="false" />
    <string name="avif_operation_mode">ACTIVE</string>
</map>
