<?xml version='1.0' encoding='utf-8' standalone='yes' ?>
<map>
    <string name="deviceId:48K-8WW-754Z">__d7523f034a014bc2a58fe62c1275557e</string>
    <int name="lastSessionId:48K-8WW-754Z" value="1757392821" />
    <boolean name="NetworkInfo:48K-8WW-754Z" value="true" />
    <string name="fcm_token:48K-8WW-754Z">eJy_dkhoTlyrrwQ8RLVRIg:APA91bHXHOHtMRXcTZu4OHNPuD_e4_TTIT9oV1FkEkpwadSqoFrGhGIHMXE84oMRi1JMD-X7cpB1OM1SC1XovLc0vWJElynaT-3PvGmBz5uNVdT4BQgfx9c</string>
    <int name="istc_inapp:__d7523f034a014bc2a58fe62c1275557e:48K-8WW-754Z" value="0" />
    <string name="comms_dmn:48K-8WW-754Z">eu1.clevertap-prod.com</string>
    <int name="comms_last_ts:48K-8WW-754Z" value="1757392834" />
    <int name="comms_first_ts:48K-8WW-754Z" value="1757392735" />
    <int name="local_in_app_count" value="1" />
    <int name="sexe:48K-8WW-754Z" value="1757392841" />
    <int name="comms_mtd:48K-8WW-754Z" value="0" />
    <int name="pfjobid" value="238148191" />
    <string name="ict_date:__d7523f034a014bc2a58fe62c1275557e:48K-8WW-754Z">09092025</string>
    <string name="instance:48K-8WW-754Z">{&quot;accountId&quot;:&quot;48K-8WW-754Z&quot;,&quot;accountToken&quot;:&quot;00b-3b4&quot;,&quot;fcmSenderId&quot;:&quot;732565920259&quot;,&quot;analyticsOnly&quot;:false,&quot;isDefaultInstance&quot;:true,&quot;useGoogleAdId&quot;:false,&quot;disableAppLaunchedEvent&quot;:false,&quot;personalization&quot;:true,&quot;debugLevel&quot;:0,&quot;createdPostAppLaunch&quot;:true,&quot;sslPinning&quot;:false,&quot;backgroundSync&quot;:true,&quot;getEnableCustomCleverTapId&quot;:false,&quot;beta&quot;:false,&quot;allowedPushTypes&quot;:[&quot;FCM&quot;,&quot;XPS&quot;,&quot;HPS&quot;,&quot;BPS&quot;,&quot;ADM&quot;]}</string>
    <string name="comms_dmn_spiky:48K-8WW-754Z">eu1-spiky.clevertap-prod.com</string>
    <string name="SP_KEY_PROFILE_IDENTITIES:48K-8WW-754Z">Email,Identity</string>
    <string name="cachedGUIDsKey:48K-8WW-754Z">{&quot;Email_&quot;:&quot;__d7523f034a014bc2a58fe62c1275557e&quot;,&quot;Identity_2010021902136725230&quot;:&quot;__d7523f034a014bc2a58fe62c1275557e&quot;}</string>
    <boolean name="OptOut:__d7523f034a014bc2a58fe62c1275557e:48K-8WW-754Z" value="false" />
</map>
