<?xml version='1.0' encoding='utf-8' standalone='yes' ?>
<map>
    <int name="__triggers_1756038299" value="3" />
    <int name="__triggers_1722600347" value="4" />
    <int name="__triggers_1763838489" value="3" />
    <int name="__triggers_1764330982" value="1" />
    <int name="__triggers_1763324177" value="1" />
    <int name="__triggers_1722603357" value="3" />
    <int name="__triggers_1752580699" value="3" />
    <int name="__triggers_1764336065" value="1" />
    <int name="__triggers_1764336164" value="1" />
    <int name="__triggers_1764335950" value="1" />
</map>
