<?xml version='1.0' encoding='utf-8' standalone='yes' ?>
<map>
    <int name="encryptionMigrationFailureCount:48K-8WW-754Z" value="0" />
    <string name="deviceId:48K-8WW-754Z">__65eccdb41aae4d058f62609369fdbbea</string>
    <string name="pfworkid">48K-8WW-754Z</string>
    <int name="cachedGUIDsLengthKey:48K-8WW-754Z" value="2" />
    <int name="lastSessionId:48K-8WW-754Z" value="1764417646" />
    <string name="ict_date:__65eccdb41aae4d058f62609369fdbbea:48K-8WW-754Z">29112025</string>
    <boolean name="NetworkInfo:48K-8WW-754Z" value="true" />
    <string name="fcm_token:48K-8WW-754Z">dBG43IcYTUOZUY0DfRxY_V:APA91bELorjtOA6SNE81iRLt5lxwDX3KI-41wNu4UDe8jjPSo3qRMOvRq-hF0vkbuGZMHOaug5wHNmkvhcP4-jxtFxUZ-g9m2UcW5yxo-hJ8z37DX5XxHn8</string>
    <string name="comms_dmn:48K-8WW-754Z">eu1.clevertap-prod.com</string>
    <int name="comms_last_ts:48K-8WW-754Z" value="1764417715" />
    <int name="comms_first_ts:48K-8WW-754Z" value="1764394276" />
    <int name="encryptionLevel:48K-8WW-754Z" value="0" />
    <int name="sexe:48K-8WW-754Z" value="1764417715" />
    <int name="comms_mtd:48K-8WW-754Z" value="0" />
    <int name="istmcd_inapp:__65eccdb41aae4d058f62609369fdbbea:48K-8WW-754Z" value="10" />
    <boolean name="ssInAppMigrated:48K-8WW-754Z" value="true" />
    <int name="istc_inapp:__65eccdb41aae4d058f62609369fdbbea:48K-8WW-754Z" value="1" />
    <string name="instance:48K-8WW-754Z">{&quot;accountId&quot;:&quot;48K-8WW-754Z&quot;,&quot;accountToken&quot;:&quot;00b-3b4&quot;,&quot;fcmSenderId&quot;:&quot;732565920259&quot;,&quot;analyticsOnly&quot;:false,&quot;isDefaultInstance&quot;:true,&quot;useGoogleAdId&quot;:false,&quot;disableAppLaunchedEvent&quot;:false,&quot;personalization&quot;:true,&quot;debugLevel&quot;:0,&quot;createdPostAppLaunch&quot;:false,&quot;sslPinning&quot;:false,&quot;backgroundSync&quot;:true,&quot;getEnableCustomCleverTapId&quot;:false,&quot;beta&quot;:false,&quot;encryptionLevel&quot;:0,&quot;allowedPushTypes&quot;:[]}</string>
    <int name="imc:__65eccdb41aae4d058f62609369fdbbea:48K-8WW-754Z" value="5" />
    <boolean name="OptOut:__65eccdb41aae4d058f62609369fdbbea:48K-8WW-754Z" value="false" />
    <string name="comms_dmn_spiky:48K-8WW-754Z">eu1-spiky.clevertap-prod.com</string>
    <string name="SP_KEY_PROFILE_IDENTITIES:48K-8WW-754Z">Email,Identity</string>
    <string name="cachedGUIDsKey:48K-8WW-754Z">{&quot;Email_&quot;:&quot;__65eccdb41aae4d058f62609369fdbbea&quot;,&quot;Identity_2010021902136725230&quot;:&quot;__65eccdb41aae4d058f62609369fdbbea&quot;}</string>
    <long name="last_assets_cleanup" value="1764394277084" />
</map>
