<?xml version='1.0' encoding='utf-8' standalone='yes' ?>
<map>
    <int name="__triggers_1756038299" value="4" />
    <int name="__triggers_1756963107" value="4" />
    <int name="__triggers_1757483516" value="4" />
    <int name="__triggers_1722600347" value="4" />
    <int name="__triggers_1757487873" value="11" />
    <int name="__triggers_1757489527" value="4" />
    <int name="__triggers_1757487624" value="11" />
    <int name="__triggers_1722603357" value="4" />
    <int name="__triggers_1752580699" value="4" />
    <int name="__triggers_1757487704" value="11" />
</map>
