<?xml version='1.0' encoding='utf-8' standalone='yes' ?>
<map>
    <int name="d_ts" value="1757510273" />
    <int name="dh" value="190951689" />
    <int name="hgt" value="4" />
    <string name="av">6.22.6</string>
    <int name="v" value="2" />
    <int name="wdt" value="2" />
    <string name="j_n">ZmhheQsIBQdjaw==</string>
    <string name="i_n">ZWlgcgICAwZlbA==</string>
    <int name="r_ts" value="1757510415" />
    <string name="id">48K-8WW-754Z</string>
    <string name="k_n">DHhgewMAAQZmY2J5ZmlkfAAFAwdneA8=</string>
    <string name="j_s">{}</string>
</map>
