<?xml version='1.0' encoding='utf-8' standalone='yes' ?>
<map>
    <string name="pfworkid">48K-8WW-754Z</string>
    <int name="cachedGUIDsLengthKey:48K-8WW-754Z" value="3" />
    <int name="lastSessionId:48K-8WW-754Z" value="1757456607" />
    <string name="fcm_token:48K-8WW-754Z">eJy_dkhoTlyrrwQ8RLVRIg:APA91bFaXhf63OhBgRYXGid_NYjAzHRuKR7g_M1XH3wvDMyrLnX3SdkeRyIek69kh29K8dVA6jdNEJt_lPkIJxX5a3ljbpQqahGy6yw1Lf8i4b44DXcMUKU</string>
    <int name="istc_inapp:__d7523f034a014bc2a58fe62c1275557e:48K-8WW-754Z" value="0" />
    <boolean name="ssInAppMigrated:48K-8WW-754Z" value="true" />
    <string name="ict_date:__d7523f034a014bc2a58fe62c1275557e:48K-8WW-754Z">10092025</string>
    <string name="instance:48K-8WW-754Z">{&quot;accountId&quot;:&quot;48K-8WW-754Z&quot;,&quot;accountToken&quot;:&quot;00b-3b4&quot;,&quot;fcmSenderId&quot;:&quot;732565920259&quot;,&quot;analyticsOnly&quot;:false,&quot;isDefaultInstance&quot;:true,&quot;useGoogleAdId&quot;:false,&quot;disableAppLaunchedEvent&quot;:false,&quot;personalization&quot;:true,&quot;debugLevel&quot;:0,&quot;createdPostAppLaunch&quot;:false,&quot;sslPinning&quot;:false,&quot;backgroundSync&quot;:true,&quot;getEnableCustomCleverTapId&quot;:false,&quot;beta&quot;:false,&quot;encryptionLevel&quot;:0,&quot;allowedPushTypes&quot;:[]}</string>
    <string name="SP_KEY_PROFILE_IDENTITIES:48K-8WW-754Z">Email,Identity</string>
    <boolean name="OptOut:__d7523f034a014bc2a58fe62c1275557e:48K-8WW-754Z" value="false" />
    <int name="encryptionMigrationFailureCount:48K-8WW-754Z" value="0" />
    <string name="deviceId:48K-8WW-754Z">__d7523f034a014bc2a58fe62c1275557e</string>
    <boolean name="NetworkInfo:48K-8WW-754Z" value="true" />
    <string name="comms_dmn:48K-8WW-754Z">eu1.clevertap-prod.com</string>
    <int name="comms_last_ts:48K-8WW-754Z" value="1757456678" />
    <int name="comms_first_ts:48K-8WW-754Z" value="1757392735" />
    <int name="local_in_app_count" value="1" />
    <int name="sexe:48K-8WW-754Z" value="1757456681" />
    <int name="encryptionLevel:48K-8WW-754Z" value="0" />
    <int name="comms_mtd:48K-8WW-754Z" value="0" />
    <int name="imc:__d7523f034a014bc2a58fe62c1275557e:48K-8WW-754Z" value="5" />
    <string name="comms_dmn_spiky:48K-8WW-754Z">eu1-spiky.clevertap-prod.com</string>
    <int name="istmcd_inapp:__d7523f034a014bc2a58fe62c1275557e:48K-8WW-754Z" value="10" />
    <string name="cachedGUIDsKey:48K-8WW-754Z">{&quot;Email_&quot;:&quot;__d7523f034a014bc2a58fe62c1275557e&quot;,&quot;Identity_2010021902136725230&quot;:&quot;__d7523f034a014bc2a58fe62c1275557e&quot;,&quot;Identity_2305101105469412650&quot;:&quot;__d7523f034a014bc2a58fe62c1275557e&quot;}</string>
    <long name="last_assets_cleanup" value="1757456610253" />
</map>
