<?xml version='1.0' encoding='utf-8' standalone='yes' ?>
<map>
    <int name="encryptionMigrationFailureCount:48K-8WW-754Z" value="0" />
    <boolean name="OptOut:__f5c5af902b744c9e970a8173b96f3b36:48K-8WW-754Z" value="false" />
    <string name="deviceId:48K-8WW-754Z">__f5c5af902b744c9e970a8173b96f3b36</string>
    <string name="pfworkid">48K-8WW-754Z</string>
    <int name="cachedGUIDsLengthKey:48K-8WW-754Z" value="2" />
    <int name="lastSessionId:48K-8WW-754Z" value="1757510406" />
    <string name="fcm_token:48K-8WW-754Z">e2PH2epFRhaCQ5npAbLoy_:APA91bFzdGiJvAsZJ0_QHIHk-aXd3DJGZIwnCkmKsUa5saTQrdRPinotWUR4NFURcp-qMVo4C56tnlNx_ouy2Put-QmceU711yLRGxbHLyreLRKg4JGEREo</string>
    <boolean name="NetworkInfo:48K-8WW-754Z" value="true" />
    <int name="istmcd_inapp:__f5c5af902b744c9e970a8173b96f3b36:48K-8WW-754Z" value="10" />
    <int name="imc:__f5c5af902b744c9e970a8173b96f3b36:48K-8WW-754Z" value="5" />
    <string name="ict_date:__f5c5af902b744c9e970a8173b96f3b36:48K-8WW-754Z">10092025</string>
    <string name="comms_dmn:48K-8WW-754Z">eu1.clevertap-prod.com</string>
    <int name="comms_last_ts:48K-8WW-754Z" value="1757510413" />
    <int name="comms_first_ts:48K-8WW-754Z" value="1757510273" />
    <int name="encryptionLevel:48K-8WW-754Z" value="0" />
    <int name="sexe:48K-8WW-754Z" value="1757510413" />
    <int name="comms_mtd:48K-8WW-754Z" value="0" />
    <boolean name="ssInAppMigrated:48K-8WW-754Z" value="true" />
    <string name="instance:48K-8WW-754Z">{&quot;accountId&quot;:&quot;48K-8WW-754Z&quot;,&quot;accountToken&quot;:&quot;00b-3b4&quot;,&quot;fcmSenderId&quot;:&quot;732565920259&quot;,&quot;analyticsOnly&quot;:false,&quot;isDefaultInstance&quot;:true,&quot;useGoogleAdId&quot;:false,&quot;disableAppLaunchedEvent&quot;:false,&quot;personalization&quot;:true,&quot;debugLevel&quot;:0,&quot;createdPostAppLaunch&quot;:false,&quot;sslPinning&quot;:false,&quot;backgroundSync&quot;:true,&quot;getEnableCustomCleverTapId&quot;:false,&quot;beta&quot;:false,&quot;encryptionLevel&quot;:0,&quot;allowedPushTypes&quot;:[]}</string>
    <string name="comms_dmn_spiky:48K-8WW-754Z">eu1-spiky.clevertap-prod.com</string>
    <int name="istc_inapp:__f5c5af902b744c9e970a8173b96f3b36:48K-8WW-754Z" value="0" />
    <string name="SP_KEY_PROFILE_IDENTITIES:48K-8WW-754Z">Email,Identity</string>
    <string name="cachedGUIDsKey:48K-8WW-754Z">{&quot;Email_&quot;:&quot;__f5c5af902b744c9e970a8173b96f3b36&quot;,&quot;Identity_2010021902136725230&quot;:&quot;__f5c5af902b744c9e970a8173b96f3b36&quot;}</string>
    <long name="last_assets_cleanup" value="1757510273707" />
</map>
