<?xml version='1.0' encoding='utf-8' standalone='yes' ?>
<map>
    <int name="encryptionMigrationFailureCount:48K-8WW-754Z" value="0" />
    <string name="ict_date:__a0025b455eb54d9781362a226917d335:48K-8WW-754Z">10092025</string>
    <string name="deviceId:48K-8WW-754Z">__a0025b455eb54d9781362a226917d335</string>
    <string name="pfworkid">48K-8WW-754Z</string>
    <int name="cachedGUIDsLengthKey:48K-8WW-754Z" value="2" />
    <int name="lastSessionId:48K-8WW-754Z" value="1757458106" />
    <boolean name="NetworkInfo:48K-8WW-754Z" value="true" />
    <string name="fcm_token:48K-8WW-754Z">dszCey9xTdi2PlwFAQMad8:APA91bEXff3jDJCDmeFgYZvc8kHBgd2RysdQRLcaII-e727TYtTRHbRws47VaJt4lkjpG5Yd6l1G1ZRUMY8KM7oQLwasGfrx_64cbStSfWkvXVcum5ROAv4</string>
    <string name="comms_dmn:48K-8WW-754Z">eu1.clevertap-prod.com</string>
    <int name="comms_last_ts:48K-8WW-754Z" value="1757458135" />
    <int name="comms_first_ts:48K-8WW-754Z" value="1757458109" />
    <int name="encryptionLevel:48K-8WW-754Z" value="0" />
    <int name="sexe:48K-8WW-754Z" value="1757458134" />
    <int name="comms_mtd:48K-8WW-754Z" value="0" />
    <boolean name="ssInAppMigrated:48K-8WW-754Z" value="true" />
    <int name="istc_inapp:__a0025b455eb54d9781362a226917d335:48K-8WW-754Z" value="0" />
    <string name="instance:48K-8WW-754Z">{&quot;accountId&quot;:&quot;48K-8WW-754Z&quot;,&quot;accountToken&quot;:&quot;00b-3b4&quot;,&quot;fcmSenderId&quot;:&quot;732565920259&quot;,&quot;analyticsOnly&quot;:false,&quot;isDefaultInstance&quot;:true,&quot;useGoogleAdId&quot;:false,&quot;disableAppLaunchedEvent&quot;:false,&quot;personalization&quot;:true,&quot;debugLevel&quot;:0,&quot;createdPostAppLaunch&quot;:false,&quot;sslPinning&quot;:false,&quot;backgroundSync&quot;:true,&quot;getEnableCustomCleverTapId&quot;:false,&quot;beta&quot;:false,&quot;encryptionLevel&quot;:0,&quot;allowedPushTypes&quot;:[]}</string>
    <int name="imc:__a0025b455eb54d9781362a226917d335:48K-8WW-754Z" value="5" />
    <int name="istmcd_inapp:__a0025b455eb54d9781362a226917d335:48K-8WW-754Z" value="10" />
    <string name="comms_dmn_spiky:48K-8WW-754Z">eu1-spiky.clevertap-prod.com</string>
    <boolean name="OptOut:__a0025b455eb54d9781362a226917d335:48K-8WW-754Z" value="false" />
    <string name="SP_KEY_PROFILE_IDENTITIES:48K-8WW-754Z">Email,Identity</string>
    <string name="cachedGUIDsKey:48K-8WW-754Z">{&quot;Email_&quot;:&quot;__a0025b455eb54d9781362a226917d335&quot;,&quot;Identity_2305101105469412650&quot;:&quot;__a0025b455eb54d9781362a226917d335&quot;}</string>
    <long name="last_assets_cleanup" value="1757458109460" />
</map>
