<?xml version='1.0' encoding='utf-8' standalone='yes' ?>
<map>
    <int name="encryptionMigrationFailureCount:48K-8WW-754Z" value="0" />
    <int name="imc:__ee069ec5733043308e39682b6d47bf55:48K-8WW-754Z" value="5" />
    <string name="deviceId:48K-8WW-754Z">__ee069ec5733043308e39682b6d47bf55</string>
    <string name="pfworkid">48K-8WW-754Z</string>
    <int name="cachedGUIDsLengthKey:48K-8WW-754Z" value="2" />
    <int name="lastSessionId:48K-8WW-754Z" value="1757862966" />
    <boolean name="NetworkInfo:48K-8WW-754Z" value="true" />
    <string name="fcm_token:48K-8WW-754Z">fvrrbMxnQLeiHmtNoW363X:APA91bEziTuo-MG_hXOtWywxh5AsheCkYB6ogP2o9CAJ65G7NIuIfkIRGeX1_FK7u6helPNgeP4PlUfL9Nv9swfzi9EBuKa-cXpUgRaovk5UG9p004NOt4Q</string>
    <string name="comms_dmn:48K-8WW-754Z">eu1.clevertap-prod.com</string>
    <int name="comms_last_ts:48K-8WW-754Z" value="1757863004" />
    <int name="comms_first_ts:48K-8WW-754Z" value="1757862968" />
    <int name="istmcd_inapp:__ee069ec5733043308e39682b6d47bf55:48K-8WW-754Z" value="10" />
    <int name="encryptionLevel:48K-8WW-754Z" value="0" />
    <int name="sexe:48K-8WW-754Z" value="1757863004" />
    <boolean name="OptOut:__ee069ec5733043308e39682b6d47bf55:48K-8WW-754Z" value="false" />
    <int name="comms_mtd:48K-8WW-754Z" value="0" />
    <boolean name="ssInAppMigrated:48K-8WW-754Z" value="true" />
    <string name="instance:48K-8WW-754Z">{&quot;accountId&quot;:&quot;48K-8WW-754Z&quot;,&quot;accountToken&quot;:&quot;00b-3b4&quot;,&quot;fcmSenderId&quot;:&quot;732565920259&quot;,&quot;analyticsOnly&quot;:false,&quot;isDefaultInstance&quot;:true,&quot;useGoogleAdId&quot;:false,&quot;disableAppLaunchedEvent&quot;:false,&quot;personalization&quot;:true,&quot;debugLevel&quot;:0,&quot;createdPostAppLaunch&quot;:false,&quot;sslPinning&quot;:false,&quot;backgroundSync&quot;:true,&quot;getEnableCustomCleverTapId&quot;:false,&quot;beta&quot;:false,&quot;encryptionLevel&quot;:0,&quot;allowedPushTypes&quot;:[]}</string>
    <string name="ict_date:__ee069ec5733043308e39682b6d47bf55:48K-8WW-754Z">14092025</string>
    <string name="comms_dmn_spiky:48K-8WW-754Z">eu1-spiky.clevertap-prod.com</string>
    <string name="SP_KEY_PROFILE_IDENTITIES:48K-8WW-754Z">Email,Identity</string>
    <string name="cachedGUIDsKey:48K-8WW-754Z">{&quot;Email_&quot;:&quot;__ee069ec5733043308e39682b6d47bf55&quot;,&quot;Identity_2010021902136725230&quot;:&quot;__ee069ec5733043308e39682b6d47bf55&quot;}</string>
    <int name="istc_inapp:__ee069ec5733043308e39682b6d47bf55:48K-8WW-754Z" value="0" />
    <long name="last_assets_cleanup" value="1757862970363" />
</map>
