<?xml version='1.0' encoding='utf-8' standalone='yes' ?>
<map>
    <string name="page_visit:48K-8WW-754Z">18|1757392732|1757392830</string>
    <string name="Notification Clicked:48K-8WW-754Z">1|1757392833|1757392833</string>
    <string name="App Launched:48K-8WW-754Z">2|1757392733|1757392822</string>
    <string name="Notification Viewed:48K-8WW-754Z">1|1757392831|1757392831</string>
    <string name="app_start:48K-8WW-754Z">1|1757392821|1757392821</string>
    <string name="disable_push_notification:48K-8WW-754Z">1|1757392819|1757392819</string>
</map>
