<?xml version='1.0' encoding='utf-8' standalone='yes' ?>
<map>
    <int name="__triggers_1756038299" value="6" />
    <int name="__triggers_1722600347" value="4" />
    <int name="__triggers_1758373062" value="4" />
    <int name="__triggers_1758286399" value="15" />
    <int name="__triggers_1722603357" value="4" />
    <int name="__triggers_1752580699" value="4" />
    <int name="__triggers_1758286563" value="15" />
    <int name="__triggers_1758286095" value="15" />
    <int name="__triggers_1758372206" value="4" />
    <int name="__triggers_1758371777" value="4" />
    <int name="__triggers_1758372799" value="4" />
</map>
