{"errorDescription":"200-10000","message":"SUCCESS","resultObj":{"accessToken":"pijrj\/uiJUrRRThxpkg3XeQ+s1vpSqDD+4QTAMXQFCBD3WUh4QRkS+JyCBOWXY1DjveS6zG7kVCdXEF0TpDug2CvbktrdXizvV7fD+6PGDllZ+uDxgW2DiL\/\/ovIVlm9EUxIO8lPZ2VJ1KSF5P5OPytnFENu+hQ93VPpwBursFB\/xmT8UCGDMlIs5duv\/+0I\/26Wv5i9BQOBNpFDdgBuopTfIOP8BKyK8BiJ+A+uljDwXeWBAm6VWRL2WAXbUmtncyaM4mBvQajlD3NqGBZ7p\/ZJiHiFnIzrOvd0u9rM6Gwhs73E3K+1Yr9RJkl0sJFEKTpWv2C7R46AxuSmvUimdk\/MG5EZVOlvVc2q95o0K12qVGmvi6BHFq2E2VSzkPzpbRD3\/s7vMr8PA6dOLYnz5b+y4npN9ISuamwtl1nyELKBnMYheDEAVp+DSatErsbf2aVV4gZHskHUfs2anZsAeBmWhpkFkWf\/HRIZ\/VutzrE9gGNvcU21DfQUTpXMXiQNoihuYUyOAZHJiH+\/9eTRPdbQlrYBV5zD+Jq5ZxztZIfdmyctGDmpkfl3sEkQ2DB0RdHR9yN\/DRK+8j9llVeLgFeGQZyh9+pD6iGWrx\/vB144wZq+1FtHjhOGlHgjyPie5MzXj7l69UKOUrFwYhE1bf84i1KBYDyozKNInKr8O5TYOJX8NecCAcEJZbsaffA6AkpHcVoypIC\/mf7t6qoPh21H8EPQq284mQfC22pIPYVGEAIDudUoIJXyXJ21ZGxLGaYfvVhL3z0U+ayM+I8bUUnR6O\/QOHbEtczbf2KbVeYJ3MoY22pI1VXKPZhvOp5FgCl0oeBc1bCbICUxJ2ZnSHviZtE8VtP0nOJ5HMfPVGvaJsOzoJveNWZegyCHbx2kSORxv69VowihoFueIfcfNGj4hybXD7gcz9wYF8m63TerUdVWphtiEklYCwp54iHHuncJRhSe\/kGUkKGZn9A\/xx+ZF7ZOsHioq9m46sCqxtReRK8QqCwNqhDNKD68d8y29g2fk+ZK8JO0i8DcMwera8riBIWcuku13S6sI78gLhXHykvOf0PME4SnmUtp2H4R+jg5pX0dpcnfwQIKJ9TS+x0RArfzoyay\/pA1Vi5ptoqRVj\/I7xY81c9c2ITkMnZs77e3ptTrbLLnYt104E0krQKRqjS2vQi8ShZuqk\/ZXbtNh0Fqsms99pTBVaBwp0QhG7UQk5lPaskqtPL6KLsJ+qVO45GnOsdlqHOB7ZXa3e\/xSvaIBv66klL+lsU=","cpCustomerID":"2305101105469412650","isMobileAvailable":true,"isNewRegistration":false,"isProfileComplete":"false","isSubscribed":false,"isTrialPackApplicable":false,"isMaxLoginConcurrencyReached":false,"message":"SUCCESS","mobileNumber":"a3N2zaeNS9bg9ZgxcvR0dLJEVJz1dvQ3xY969POGw\/ik\/yTh7OA=","otherCountrySubscriptionInfo":"","validityTill":0},"systemTime":1757458130053,"resultCode":"OK"}