{"errorDescription":"200-10000","message":"SUCCESS","resultObj":{"accessToken":"FcUjiDH8SF4frOm9ywX2Z2I2wNKBg5U51Sds3tKP\/VdvlcSk3QCRjs4QKZ8XCuvz1NYgf5F3SUTiA7DU73ky+ddKNICS835xgb9gCbUmRa5FW1RF4VDAofZxRyYDQvU3ZMLNFbRMSvLVZ3iDmKew2v3lls\/vFYlmrQgB7AyXVCQ0JOVpzcpLI5B7WsfnQzF9UkZZUuuOyvLj9LQTRhwo1sksTFdztStG+lC5HyLOrehm1\/toqSFGoJCICGFiIluXlwUOR9Kim\/je+R+BhPUMe4LWz6TbRFxRqMkRTKM9f1FCJ7kw89R6E+HvZPBKb23FRl6PJ1un\/OLahkvKMQ+omaSz2C5NSGSZbvLbCNMbajWZ9GhKH9cU0iaKv91NVhpmwbOzzJcv1UJ5brghFgbmWtwqwVo3wuus+HmxaoZJmc50pU4fHIbund1QN6aSW68yd2GI3X4FPjKwK6xpopZHGgO3iC1zP+nq557Q0BrTX12zi7k87C6oTok\/ZVGCK7TEbvRXaWLE+WHh\/ny0betY9K8GLi1hqzSKJrQXwkziwiBIP7YDvJhuY9SOcMSlXbvBw8W44XOyPr+lU2BTou42cOguOSfAtDWRzSFt+sEUE\/2zZtHDkeP1qU721iANxDcTuESnm7AEMJqZLQIiYyTK3p4Wib7fmUa8zdOEu1bKPFTksgRDaIkZYUwRceqBM33vvFMa3xafHD\/eiLvPa3o9DkyeL0u5Q8S5v1yLUnDSHLxCmHM12PYpcu3P8j+aADZbdzHuLFeZhfu98d+El2PCRdXm67ejchrLZxiG6lb2HxJONjNQKMk9Fhl9Hz8kMT7NnDlrHqSx1YbWY6yIK7P1AtZ0\/pLq1JwXIIYzyT8Cr5jbRL1U6CzpVUyVyOB2S3TotCn4b7tlZZASZWOf6yzQpFz4nDXXFGd5IMOc0s9\/oek92V4kO4JFZTvBmtydA17Idiny5y2yn9V\/O27mWHYG\/OccSS9EjCaTyGuim8lKbujPsL6uYfblj2HRgXJV9DJLEw4oqP1KWURuBxlZDvCS7EfpJJf2w37FMpw693C0HdCAqBo6LbpWI+BQV\/xlBQJAX\/ee9FjokdBNfgWpx4Gid9L0yHI8sxIAGwfdjivtit1WdKQRCC2Kdd1MH+gBL1G75uQBvmrVALRxMYhL1N+Ka9lVQpzcsvZ6I74RMbuaTm9wHmPb7FEGRZ6lTFXck5lXZv1970qqPC5fCe8\/iR51pDp6PHYNj2kUZzesuftfGtYmDpJIuk9M96rKTcg8wvyS","cpCustomerID":"2010021902136725230","isMobileAvailable":true,"isNewRegistration":false,"isProfileComplete":"true","isSubscribed":true,"isTrialPackApplicable":false,"isMaxLoginConcurrencyReached":false,"message":"SUCCESS","mobileNumber":"lhdupF86VZSRsQzSruEpROtvvUQy1xEYPe5xZNv\/FjU=","otherCountrySubscriptionInfo":"","validityTill":0},"systemTime":1757392786330,"resultCode":"OK"}