{"Fid":"dyHfanaZTVeiocAHzat5Q_","Status":3,"AuthToken":"eyJhbGciOiJFUzI1NiIsInR5cCI6IkpXVCJ9.eyJhcHBJZCI6IjE6NzMyNTY1OTIwMjU5OmFuZHJvaWQ6ZjZlNThhYjBlZDIwYzNjZCIsImV4cCI6MTc1ODk4ODM5NSwiZmlkIjoiZHlIZmFuYVpUVmVpb2NBSHphdDVRXyIsInByb2plY3ROdW1iZXIiOjczMjU2NTkyMDI1OX0.AB2LPV8wRAIgKme62eLje3w4WZ3qP3Q6pOqyOPwOMHtmiDwUz94OlZkCIE0cGSx14BdDwyx9gX6lWbBEJJLF0vEEolwLlJIoWGZU","RefreshToken":"3_AS3qfwJUpuYBi4MJinibVx-G0fOuQvS3bFstIyRe92Tp_Rua1VgDbk5_7WHoUM1mOUB_PlNPX5IaGE3cWQ8KaawmDUQQXTyWy0tqcuUJnufEzA","TokenCreationEpochInSecs":1758383594,"ExpiresInSecs":604800}