{"Fid":"fvrrbMxnQLeiHmtNoW363X","Status":3,"AuthToken":"eyJhbGciOiJFUzI1NiIsInR5cCI6IkpXVCJ9.eyJhcHBJZCI6IjE6NzMyNTY1OTIwMjU5OmFuZHJvaWQ6ZjZlNThhYjBlZDIwYzNjZCIsImV4cCI6MTc1ODQ2Nzc2OCwiZmlkIjoiZnZycmJNeG5RTGVpSG10Tm9XMzYzWCIsInByb2plY3ROdW1iZXIiOjczMjU2NTkyMDI1OX0.AB2LPV8wRQIhAIWQUv3AxAr4q-HDGW9gQPaUBtWN0Fzc9kygdWcTdgJNAiBdMNYIEoWqa4u4j55iGAPoQaEXvG_f9sMqtDD5EVOMgQ","RefreshToken":"3_AS3qfwIDRBhAVtX8pqFoO0cZoK4_XFj5wHvgOv6Z7XZNgEix0emNYS0q0dhfIyn3YvsD0p4n7MRadWT4rG22DtKUQfCDqwZmQmGdZk5_MM3FC4U","TokenCreationEpochInSecs":1757862967,"ExpiresInSecs":604800}