{"Fid":"dyHfanaZTVeiocAHzat5Q_","Status":3,"AuthToken":"eyJhbGciOiJFUzI1NiIsInR5cCI6IkpXVCJ9.eyJhcHBJZCI6IjE6NzMyNTY1OTIwMjU5OmFuZHJvaWQ6ZjZlNThhYjBlZDIwYzNjZCIsImV4cCI6MTc2MTMzMDQ5OSwiZmlkIjoiZHlIZmFuYVpUVmVpb2NBSHphdDVRXyIsInByb2plY3ROdW1iZXIiOjczMjU2NTkyMDI1OX0.AB2LPV8wRAIgLUtEX4B38yQMoQxw7dhWZVI_CGMpaEk0S_gkr_nEDu4CIBVsQeysbKeSUFXeRxo5GhJBZkBh-wUfLLp0rR5A961o","RefreshToken":"3_AS3qfwJUpuYBi4MJinibVx-G0fOuQvS3bFstIyRe92Tp_Rua1VgDbk5_7WHoUM1mOUB_PlNPX5IaGE3cWQ8KaawmDUQQXTyWy0tqcuUJnufEzA","TokenCreationEpochInSecs":1760725699,"ExpiresInSecs":604800}