{"Fid":"eJy_dkhoTlyrrwQ8RLVRIg","Status":3,"AuthToken":"eyJhbGciOiJFUzI1NiIsInR5cCI6IkpXVCJ9.eyJhcHBJZCI6IjE6NzMyNTY1OTIwMjU5OmFuZHJvaWQ6ZjZlNThhYjBlZDIwYzNjZCIsImV4cCI6MTc1Nzk5NzUzNCwiZmlkIjoiZUp5X2RraG9UbHlycndROFJMVlJJZyIsInByb2plY3ROdW1iZXIiOjczMjU2NTkyMDI1OX0.AB2LPV8wRQIhAON-s6vH0PQCf1mlBnjQMrIJIOX3GEMF5uC3bdnqCXYiAiBK1NM8xBNr1M_xAMwnoKmYIrHUTUHH8YZuCt8f8-RNeQ","RefreshToken":"3_AS3qfwKQTEwyeiD0vIWDc8E_CZnMxsam18gzY1Yi0sBYieYLXLE_zf1-zmN_K3KY0FfZLPBFqA9J9ZoWmX1iGkUroWUIjLjhsPVVuMOf9BauSnA","TokenCreationEpochInSecs":1757392733,"ExpiresInSecs":604800}