{"Fid":"dyHfanaZTVeiocAHzat5Q_","Status":3,"AuthToken":"eyJhbGciOiJFUzI1NiIsInR5cCI6IkpXVCJ9.eyJhcHBJZCI6IjE6NzMyNTY1OTIwMjU5OmFuZHJvaWQ6ZjZlNThhYjBlZDIwYzNjZCIsImV4cCI6MTc2MTk4MzEyMSwiZmlkIjoiZHlIZmFuYVpUVmVpb2NBSHphdDVRXyIsInByb2plY3ROdW1iZXIiOjczMjU2NTkyMDI1OX0.AB2LPV8wRQIhAPPLgSot6J21pTae2xK9ixwbRLERBouC2NZY8ClV55mDAiANnbYJMlz3eakTOFbmjuOk8Tgc_xxTlqPbH9ycpJNN6A","RefreshToken":"3_AS3qfwJUpuYBi4MJinibVx-G0fOuQvS3bFstIyRe92Tp_Rua1VgDbk5_7WHoUM1mOUB_PlNPX5IaGE3cWQ8KaawmDUQQXTyWy0tqcuUJnufEzA","TokenCreationEpochInSecs":1761378321,"ExpiresInSecs":604800}