{"Fid":"e2PH2epFRhaCQ5npAbLoy_","Status":3,"AuthToken":"eyJhbGciOiJFUzI1NiIsInR5cCI6IkpXVCJ9.eyJhcHBJZCI6IjE6NzMyNTY1OTIwMjU5OmFuZHJvaWQ6ZjZlNThhYjBlZDIwYzNjZCIsImV4cCI6MTc1ODExNTA3MCwiZmlkIjoiZTJQSDJlcEZSaGFDUTVucEFiTG95XyIsInByb2plY3ROdW1iZXIiOjczMjU2NTkyMDI1OX0.AB2LPV8wRgIhAPq0Ew6IqH_omuAMLlQVZgCNHrF7EAkoeqBhWKpgTavSAiEAtjbVYLHURH_55QwqOAJL7dQUANXNbytRzLdKxOa63yA","RefreshToken":"3_AS3qfwJhj_ixpgASGsGPKwlmr6yFFce9nT5zh7PpkQzyotx6U5Aovti6nqgq40W05yE34qVtC__pAWjSOaA5GzwqHWVnqD3lO8XTprWlifIFZSI","TokenCreationEpochInSecs":1757510269,"ExpiresInSecs":604800}