{"Fid":"dBG43IcYTUOZUY0DfRxY_V","Status":3,"AuthToken":"eyJhbGciOiJFUzI1NiIsInR5cCI6IkpXVCJ9.eyJhcHBJZCI6IjE6NzMyNTY1OTIwMjU5OmFuZHJvaWQ6ZjZlNThhYjBlZDIwYzNjZCIsImV4cCI6MTc2NDk5OTA3NSwiZmlkIjoiZEJHNDNJY1lUVU9aVVkwRGZSeFlfViIsInByb2plY3ROdW1iZXIiOjczMjU2NTkyMDI1OX0.AB2LPV8wRQIhAKMDTIehIuanXam4xB5Rr31PPKt1vMS5L_Wc8-bEgsnZAiAMwzKJn-o9sqy4amczSIKOX7YN__6Jlc5zmg3UwMSS0w","RefreshToken":"3_AS3qfwJJGxBxWBs7bHmTi6kX8fa17xAV3f6JwoiQd3dRwo5v1nxGG4qftLqBDnE4cZgQlcgHef5cWBsEsTvJiBWHGrXcXU2k20TMhjRj8lI1fhg","TokenCreationEpochInSecs":1764394275,"ExpiresInSecs":604800}