{"Fid":"dszCey9xTdi2PlwFAQMad8","Status":3,"AuthToken":"eyJhbGciOiJFUzI1NiIsInR5cCI6IkpXVCJ9.eyJhcHBJZCI6IjE6NzMyNTY1OTIwMjU5OmFuZHJvaWQ6ZjZlNThhYjBlZDIwYzNjZCIsImV4cCI6MTc1ODA2MjkwOSwiZmlkIjoiZHN6Q2V5OXhUZGkyUGx3RkFRTWFkOCIsInByb2plY3ROdW1iZXIiOjczMjU2NTkyMDI1OX0.AB2LPV8wRQIhAPYZeH0wkT4UPAx-r3f-Wwp2fLgx4RBcYDAnTR1SVQOlAiApHNlcWXSWAeq4s7B6I0ZNnDN-Hv8lxlFQxl4aPWJzgw","RefreshToken":"3_AS3qfwKGq5OlpiUxfVqd0ZJhXmXaw5ioarQZn2qDnxv0mF72OhjriNV5AYJYT-MDl4EDW1i5AUJ6twchistTLlAVMr7iCMCAKilUngQzVBGpbps","TokenCreationEpochInSecs":1757458107,"ExpiresInSecs":604800}