{"errorDescription":"200-10000","message":"","resultObj":{"bg_image":{"url":"https:\/\/origin-staticv2.sonyliv.com\/UI_icons\/splash_bg_mobile.png","version":"1"},"dynamic_liv_Icon":{"enabled":true,"image_url":"https:\/\/origindev-static.sonyliv.com\/generic_images\/sony_liv_logo.png","version":"2"},"dynamic_splash_asset":{"asset_url":"https:\/\/origin-staticv2.sonyliv.com\/UI_icons\/Android_Mobile_Splash_Screen_LIV_30_FRAME_ANIM_960X1440_31032021.gif","audio_url":"https:\/\/origin-staticv2.sonyliv.com\/UI_icons\/liv_3_sec_audio.mp3","bg_img":"https:\/\/origin-staticv2.sonyliv.com\/UI_icons\/splash_bg_mobile.png","enabled":true,"version":"4"},"watermark":{"url":"https:\/\/origindev-static.sonyliv.com\/generic_images\/spnbg_wm_26112020.png","version":"1"},"accessToken":"NHWpPE8MqL1z2plYKF06P8zreFP\/0aFf5O6kAw==","mobileNumber":"s4m2a3s5nfwwMCSnKVPqlfH5AcA14zhSz++eyg=="},"systemTime":1761378407799,"resultCode":"OK"}